{"train_score": 0.5980268909204847, "test_score": 0.5966758137815487}