{"train_score": 0.6213231629131506, "test_score": 0.6274928529868782}