{"train_score": 0.8146917052473261, "test_score": 0.7495806030717247}