{"train_score": 0.907828640813581, "test_score": 0.7386524544151469}